,datetime,open,high,low,close,volume,oi
0,2024-05-14 09:15:00,47748.85,47899.45,47744.0,47848.4,0,0
1,2024-05-14 09:16:00,47857.3,47869.15,47824.0,47847.15,0,0
2,2024-05-14 09:17:00,47848.75,47863.85,47833.95,47850.0,0,0
3,2024-05-14 09:18:00,47851.0,47875.25,47851.0,47860.2,0,0
4,2024-05-14 09:19:00,47854.65,47908.95,47844.95,47905.35,0,0
5,2024-05-14 09:20:00,47905.9,47905.9,47799.45,47801.15,0,0
6,2024-05-14 09:21:00,47805.55,47852.35,47788.95,47840.45,0,0
7,2024-05-14 09:22:00,47834.7,47834.7,47769.95,47771.15,0,0
8,2024-05-14 09:23:00,47772.6,47775.35,47714.6,47720.3,0,0
9,2024-05-14 09:24:00,47724.1,47726.75,47665.95,47699.25,0,0
10,2024-05-14 09:25:00,47699.45,47709.35,47607.85,47626.85,0,0
11,2024-05-14 09:26:00,47616.55,47753.95,47616.55,47745.85,0,0
12,2024-05-14 09:27:00,47746.5,47775.05,47683.55,47713.75,0,0
13,2024-05-14 09:28:00,47715.25,47732.05,47698.05,47732.05,0,0
14,2024-05-14 09:29:00,47724.75,47742.25,47689.95,47735.4,0,0
15,2024-05-14 09:30:00,47734.55,47784.25,47701.2,47742.5,0,0
16,2024-05-14 09:31:00,47736.8,47780.5,47714.15,47760.85,0,0
17,2024-05-14 09:32:00,47761.55,47780.05,47744.85,47767.0,0,0
18,2024-05-14 09:33:00,47763.0,47766.4,47728.45,47730.65,0,0
19,2024-05-14 09:34:00,47729.35,47752.2,47674.25,47750.25,0,0
20,2024-05-14 09:35:00,47746.2,47748.5,47709.3,47746.8,0,0
21,2024-05-14 09:36:00,47748.6,47769.9,47740.15,47742.95,0,0
22,2024-05-14 09:37:00,47742.5,47750.0,47707.85,47727.1,0,0
23,2024-05-14 09:38:00,47728.05,47743.35,47716.5,47731.5,0,0
24,2024-05-14 09:39:00,47735.15,47783.4,47731.3,47754.4,0,0
25,2024-05-14 09:40:00,47757.75,47768.15,47730.45,47766.8,0,0
26,2024-05-14 09:41:00,47763.3,47764.95,47713.55,47731.05,0,0
27,2024-05-14 09:42:00,47730.2,47749.3,47716.3,47745.55,0,0
28,2024-05-14 09:43:00,47743.1,47752.05,47716.2,47725.8,0,0
29,2024-05-14 09:44:00,47722.55,47726.1,47698.25,47726.0,0,0
30,2024-05-14 09:45:00,47726.95,47726.95,47702.25,47720.25,0,0
31,2024-05-14 09:46:00,47718.65,47718.65,47634.3,47654.6,0,0
32,2024-05-14 09:47:00,47657.8,47681.0,47648.55,47669.05,0,0
33,2024-05-14 09:48:00,47668.85,47672.9,47649.55,47655.8,0,0
34,2024-05-14 09:49:00,47654.5,47671.25,47646.55,47661.3,0,0
35,2024-05-14 09:50:00,47665.5,47673.65,47649.8,47658.9,0,0
36,2024-05-14 09:51:00,47660.1,47665.35,47610.45,47649.95,0,0
37,2024-05-14 09:52:00,47647.9,47674.75,47647.9,47674.45,0,0
38,2024-05-14 09:53:00,47672.2,47673.3,47641.55,47655.75,0,0
39,2024-05-14 09:54:00,47658.7,47659.55,47632.4,47639.65,0,0
40,2024-05-14 09:55:00,47644.7,47663.4,47618.4,47642.8,0,0
41,2024-05-14 09:56:00,47642.4,47842.35,47640.75,47839.7,0,0
42,2024-05-14 09:57:00,47839.95,47885.8,47728.3,47756.7,0,0
43,2024-05-14 09:58:00,47755.0,47810.35,47752.1,47800.35,0,0
44,2024-05-14 09:59:00,47800.15,47800.15,47771.05,47771.05,0,0
45,2024-05-14 10:00:00,47773.85,47784.65,47760.95,47780.05,0,0
46,2024-05-14 10:01:00,47776.8,47781.4,47684.3,47691.45,0,0
47,2024-05-14 10:02:00,47687.6,47703.35,47652.15,47688.8,0,0
48,2024-05-14 10:03:00,47687.45,47697.75,47672.95,47687.35,0,0
49,2024-05-14 10:04:00,47689.8,47695.0,47677.8,47683.8,0,0
50,2024-05-14 10:05:00,47684.15,47694.7,47669.65,47676.05,0,0
51,2024-05-14 10:06:00,47675.7,47688.35,47632.7,47686.3,0,0
52,2024-05-14 10:07:00,47686.6,47706.85,47672.6,47692.95,0,0
53,2024-05-14 10:08:00,47696.9,47709.55,47681.5,47706.8,0,0
54,2024-05-14 10:09:00,47707.4,47709.8,47673.0,47678.45,0,0
55,2024-05-14 10:10:00,47681.0,47684.05,47655.75,47660.35,0,0
56,2024-05-14 10:11:00,47669.25,47691.8,47664.1,47682.85,0,0
57,2024-05-14 10:12:00,47683.3,47684.4,47661.6,47673.85,0,0
58,2024-05-14 10:13:00,47673.75,47675.3,47625.0,47665.3,0,0
59,2024-05-14 10:14:00,47666.1,47677.0,47657.25,47666.05,0,0
60,2024-05-14 10:15:00,47666.0,47699.4,47662.4,47699.4,0,0
61,2024-05-14 10:16:00,47695.9,47700.35,47671.3,47674.5,0,0
62,2024-05-14 10:17:00,47674.45,47695.1,47670.8,47685.35,0,0
63,2024-05-14 10:18:00,47682.9,47707.65,47679.7,47704.0,0,0
64,2024-05-14 10:19:00,47704.45,47718.6,47702.15,47705.1,0,0
65,2024-05-14 10:20:00,47702.0,47706.5,47682.7,47706.5,0,0
66,2024-05-14 10:21:00,47708.0,47713.75,47700.6,47702.15,0,0
67,2024-05-14 10:22:00,47703.5,47706.8,47688.3,47693.3,0,0
68,2024-05-14 10:23:00,47693.5,47700.95,47686.3,47698.6,0,0
69,2024-05-14 10:24:00,47699.5,47702.7,47677.3,47686.95,0,0
70,2024-05-14 10:25:00,47686.5,47686.9,47657.6,47677.1,0,0
71,2024-05-14 10:26:00,47676.45,47692.85,47673.7,47680.05,0,0
72,2024-05-14 10:27:00,47683.0,47706.9,47672.45,47695.45,0,0
73,2024-05-14 10:28:00,47695.0,47750.6,47695.0,47748.55,0,0
74,2024-05-14 10:29:00,47753.2,47777.8,47730.2,47769.4,0,0
75,2024-05-14 10:30:00,47767.95,47773.2,47748.15,47757.1,0,0
76,2024-05-14 10:31:00,47757.1,47761.45,47739.25,47753.25,0,0
77,2024-05-14 10:32:00,47752.65,47759.65,47740.3,47747.2,0,0
78,2024-05-14 10:33:00,47743.0,47803.7,47733.7,47791.4,0,0
79,2024-05-14 10:34:00,47791.95,47794.75,47756.75,47761.5,0,0
80,2024-05-14 10:35:00,47759.75,47759.75,47733.7,47741.95,0,0
81,2024-05-14 10:36:00,47740.2,47749.2,47735.35,47745.0,0,0
82,2024-05-14 10:37:00,47744.7,47746.85,47730.0,47744.6,0,0
83,2024-05-14 10:38:00,47745.75,47758.6,47745.35,47749.65,0,0
84,2024-05-14 10:39:00,47749.6,47765.6,47738.1,47756.8,0,0
85,2024-05-14 10:40:00,47756.35,47757.8,47749.25,47752.65,0,0
86,2024-05-14 10:41:00,47751.75,47756.55,47742.0,47743.7,0,0
87,2024-05-14 10:42:00,47745.3,47762.2,47735.65,47758.25,0,0
88,2024-05-14 10:43:00,47758.05,47770.5,47748.45,47767.45,0,0
89,2024-05-14 10:44:00,47771.4,47809.65,47766.75,47809.15,0,0
90,2024-05-14 10:45:00,47811.85,47818.8,47790.4,47796.55,0,0
91,2024-05-14 10:46:00,47796.15,47799.3,47784.05,47793.1,0,0
92,2024-05-14 10:47:00,47793.1,47799.85,47781.1,47794.05,0,0
93,2024-05-14 10:48:00,47792.25,47798.05,47773.05,47786.15,0,0
94,2024-05-14 10:49:00,47784.15,47789.25,47771.75,47781.05,0,0
95,2024-05-14 10:50:00,47781.3,47783.2,47763.75,47770.55,0,0
96,2024-05-14 10:51:00,47769.8,47773.4,47740.25,47746.1,0,0
97,2024-05-14 10:52:00,47748.3,47757.5,47738.2,47754.3,0,0
98,2024-05-14 10:53:00,47753.55,47759.15,47724.25,47733.2,0,0
99,2024-05-14 10:54:00,47731.75,47738.65,47716.7,47727.25,0,0
100,2024-05-14 10:55:00,47732.25,47759.25,47730.25,47744.65,0,0
101,2024-05-14 10:56:00,47743.3,47751.7,47724.65,47737.45,0,0
102,2024-05-14 10:57:00,47736.25,47754.55,47736.25,47753.65,0,0
103,2024-05-14 10:58:00,47750.45,47768.4,47746.35,47749.85,0,0
104,2024-05-14 10:59:00,47749.0,47749.75,47738.6,47745.35,0,0
105,2024-05-14 11:00:00,47744.3,47746.95,47737.85,47740.4,0,0
106,2024-05-14 11:01:00,47738.15,47769.85,47738.15,47765.75,0,0
107,2024-05-14 11:02:00,47765.5,47776.4,47764.4,47770.4,0,0
108,2024-05-14 11:03:00,47769.6,47782.1,47763.8,47769.9,0,0
109,2024-05-14 11:04:00,47770.35,47781.0,47766.6,47775.4,0,0
110,2024-05-14 11:05:00,47775.25,47782.3,47766.25,47778.05,0,0
111,2024-05-14 11:06:00,47778.65,47814.2,47772.75,47808.65,0,0
112,2024-05-14 11:07:00,47808.45,47809.55,47794.55,47802.9,0,0
113,2024-05-14 11:08:00,47802.45,47808.8,47792.95,47800.75,0,0
114,2024-05-14 11:09:00,47798.85,47800.8,47777.15,47785.8,0,0
115,2024-05-14 11:10:00,47784.95,47791.7,47775.8,47788.1,0,0
116,2024-05-14 11:11:00,47789.15,47802.45,47785.9,47798.3,0,0
117,2024-05-14 11:12:00,47800.8,47820.05,47798.7,47820.05,0,0
118,2024-05-14 11:13:00,47818.75,47828.6,47800.5,47803.35,0,0
119,2024-05-14 11:14:00,47803.4,47814.25,47801.9,47812.7,0,0
120,2024-05-14 11:15:00,47810.6,47821.9,47805.3,47813.75,0,0
121,2024-05-14 11:16:00,47813.2,47816.5,47773.95,47780.8,0,0
122,2024-05-14 11:17:00,47776.65,47791.9,47773.1,47791.9,0,0
123,2024-05-14 11:18:00,47791.35,47814.05,47791.35,47808.2,0,0
124,2024-05-14 11:19:00,47807.55,47813.35,47800.1,47805.25,0,0
125,2024-05-14 11:20:00,47806.15,47829.2,47804.85,47811.4,0,0
126,2024-05-14 11:21:00,47808.5,47814.0,47789.55,47790.35,0,0
127,2024-05-14 11:22:00,47789.4,47806.8,47789.4,47792.3,0,0
128,2024-05-14 11:23:00,47795.3,47808.45,47787.25,47805.2,0,0
129,2024-05-14 11:24:00,47802.85,47817.45,47801.35,47811.05,0,0
130,2024-05-14 11:25:00,47808.95,47823.15,47803.95,47806.85,0,0
131,2024-05-14 11:26:00,47810.3,47811.05,47796.75,47806.1,0,0
132,2024-05-14 11:27:00,47807.6,47814.55,47772.65,47796.35,0,0
133,2024-05-14 11:28:00,47795.55,47795.65,47765.1,47775.3,0,0
134,2024-05-14 11:29:00,47773.45,47790.9,47772.35,47782.15,0,0
135,2024-05-14 11:30:00,47779.55,47788.15,47764.4,47775.35,0,0
136,2024-05-14 11:31:00,47776.15,47787.4,47771.75,47777.1,0,0
137,2024-05-14 11:32:00,47778.55,47796.15,47775.45,47795.3,0,0
138,2024-05-14 11:33:00,47793.35,47795.35,47765.4,47767.65,0,0
139,2024-05-14 11:34:00,47765.9,47767.5,47721.35,47756.25,0,0
140,2024-05-14 11:35:00,47755.1,47765.45,47751.4,47765.45,0,0
141,2024-05-14 11:36:00,47764.8,47783.25,47764.25,47783.25,0,0
142,2024-05-14 11:37:00,47782.4,47787.45,47772.4,47783.1,0,0
143,2024-05-14 11:38:00,47782.55,47792.2,47777.5,47786.95,0,0
144,2024-05-14 11:39:00,47785.8,47803.05,47783.85,47791.2,0,0
145,2024-05-14 11:40:00,47788.8,47813.4,47786.75,47795.45,0,0
146,2024-05-14 11:41:00,47794.45,47804.55,47787.2,47804.55,0,0
147,2024-05-14 11:42:00,47801.95,47804.55,47789.4,47789.4,0,0
148,2024-05-14 11:43:00,47789.95,47796.3,47777.55,47785.65,0,0
149,2024-05-14 11:44:00,47784.55,47785.4,47769.7,47772.65,0,0
150,2024-05-14 11:45:00,47772.4,47782.85,47756.65,47764.9,0,0
151,2024-05-14 11:46:00,47764.45,47766.1,47744.5,47745.95,0,0
152,2024-05-14 11:47:00,47744.85,47792.9,47744.3,47789.85,0,0
153,2024-05-14 11:48:00,47790.15,47797.85,47782.1,47784.8,0,0
154,2024-05-14 11:49:00,47787.25,47807.75,47780.85,47801.1,0,0
155,2024-05-14 11:50:00,47801.1,47819.15,47800.95,47803.95,0,0
156,2024-05-14 11:51:00,47809.2,47818.2,47803.9,47804.4,0,0
157,2024-05-14 11:52:00,47804.4,47805.75,47779.3,47784.95,0,0
158,2024-05-14 11:53:00,47786.6,47789.1,47776.5,47777.1,0,0
159,2024-05-14 11:54:00,47780.5,47781.2,47773.45,47773.85,0,0
160,2024-05-14 11:55:00,47773.65,47786.6,47773.35,47780.35,0,0
161,2024-05-14 11:56:00,47778.0,47793.85,47767.15,47792.5,0,0
162,2024-05-14 11:57:00,47789.15,47800.8,47787.65,47798.2,0,0
163,2024-05-14 11:58:00,47797.8,47803.05,47789.9,47794.9,0,0
164,2024-05-14 11:59:00,47797.25,47797.25,47779.8,47790.1,0,0
165,2024-05-14 12:00:00,47789.65,47797.95,47769.35,47770.6,0,0
166,2024-05-14 12:01:00,47770.3,47793.45,47770.3,47791.0,0,0
167,2024-05-14 12:02:00,47790.8,47796.55,47784.15,47795.6,0,0
168,2024-05-14 12:03:00,47794.65,47803.05,47791.95,47796.8,0,0
169,2024-05-14 12:04:00,47795.3,47818.3,47794.75,47815.4,0,0
170,2024-05-14 12:05:00,47816.1,47817.55,47808.4,47812.7,0,0
171,2024-05-14 12:06:00,47813.75,47815.05,47796.55,47802.8,0,0
172,2024-05-14 12:07:00,47802.45,47802.45,47785.7,47786.85,0,0
173,2024-05-14 12:08:00,47786.45,47803.5,47783.65,47800.55,0,0
174,2024-05-14 12:09:00,47801.35,47832.45,47799.45,47825.3,0,0
175,2024-05-14 12:10:00,47825.55,47827.25,47808.4,47815.45,0,0
176,2024-05-14 12:11:00,47815.25,47815.25,47794.35,47803.55,0,0
177,2024-05-14 12:12:00,47795.85,47813.5,47795.85,47805.9,0,0
178,2024-05-14 12:13:00,47810.05,47815.8,47794.1,47799.65,0,0
179,2024-05-14 12:14:00,47799.5,47802.85,47791.85,47792.2,0,0
180,2024-05-14 12:15:00,47793.9,47797.15,47755.25,47774.95,0,0
181,2024-05-14 12:16:00,47774.95,47781.3,47753.5,47756.3,0,0
182,2024-05-14 12:17:00,47755.05,47764.4,47740.2,47763.8,0,0
183,2024-05-14 12:18:00,47763.6,47776.1,47749.15,47761.05,0,0
184,2024-05-14 12:19:00,47761.65,47775.9,47758.05,47773.4,0,0
185,2024-05-14 12:20:00,47772.7,47775.35,47757.15,47760.0,0,0
186,2024-05-14 12:21:00,47759.0,47769.85,47755.15,47764.85,0,0
187,2024-05-14 12:22:00,47767.7,47776.15,47758.8,47775.4,0,0
188,2024-05-14 12:23:00,47775.55,47792.1,47775.55,47787.9,0,0
189,2024-05-14 12:24:00,47785.25,47789.75,47780.3,47785.7,0,0
190,2024-05-14 12:25:00,47784.7,47789.05,47770.75,47785.75,0,0
191,2024-05-14 12:26:00,47784.4,47793.55,47779.65,47787.1,0,0
192,2024-05-14 12:27:00,47787.5,47787.5,47776.9,47780.9,0,0
193,2024-05-14 12:28:00,47781.4,47784.05,47765.55,47782.7,0,0
194,2024-05-14 12:29:00,47782.2,47792.9,47781.0,47786.25,0,0
195,2024-05-14 12:30:00,47783.85,47792.25,47779.35,47791.0,0,0
196,2024-05-14 12:31:00,47789.85,47793.35,47777.35,47792.7,0,0
197,2024-05-14 12:32:00,47793.05,47810.5,47790.3,47807.6,0,0
198,2024-05-14 12:33:00,47807.65,47815.0,47800.2,47813.2,0,0
199,2024-05-14 12:34:00,47812.75,47826.85,47800.75,47804.3,0,0
200,2024-05-14 12:35:00,47799.8,47809.95,47795.1,47799.9,0,0
201,2024-05-14 12:36:00,47799.3,47813.55,47796.9,47804.65,0,0
202,2024-05-14 12:37:00,47804.9,47810.6,47798.35,47802.25,0,0
203,2024-05-14 12:38:00,47802.6,47808.6,47788.2,47790.75,0,0
204,2024-05-14 12:39:00,47791.65,47794.95,47780.7,47794.7,0,0
205,2024-05-14 12:40:00,47794.5,47796.3,47781.7,47788.9,0,0
206,2024-05-14 12:41:00,47789.0,47806.45,47786.3,47796.85,0,0
207,2024-05-14 12:42:00,47796.8,47797.85,47773.75,47783.7,0,0
208,2024-05-14 12:43:00,47783.05,47795.65,47780.25,47781.75,0,0
209,2024-05-14 12:44:00,47781.7,47787.65,47777.7,47786.0,0,0
210,2024-05-14 12:45:00,47786.7,47800.15,47783.1,47792.0,0,0
211,2024-05-14 12:46:00,47790.15,47807.6,47778.2,47800.25,0,0
212,2024-05-14 12:47:00,47796.3,47805.25,47792.4,47802.7,0,0
213,2024-05-14 12:48:00,47801.3,47807.55,47793.2,47801.0,0,0
214,2024-05-14 12:49:00,47800.0,47807.15,47797.85,47801.6,0,0
215,2024-05-14 12:50:00,47802.8,47808.3,47798.35,47806.85,0,0
216,2024-05-14 12:51:00,47807.25,47828.95,47804.0,47809.45,0,0
217,2024-05-14 12:52:00,47809.45,47835.15,47806.9,47831.65,0,0
218,2024-05-14 12:53:00,47828.45,47861.5,47822.2,47853.55,0,0
219,2024-05-14 12:54:00,47860.3,47883.8,47849.2,47869.65,0,0
220,2024-05-14 12:55:00,47861.05,47873.3,47853.45,47863.5,0,0
221,2024-05-14 12:56:00,47862.2,47908.5,47862.2,47902.05,0,0
222,2024-05-14 12:57:00,47899.75,47902.95,47880.8,47890.75,0,0
223,2024-05-14 12:58:00,47890.15,47896.4,47878.95,47888.75,0,0
224,2024-05-14 12:59:00,47889.9,47898.45,47879.6,47882.55,0,0
225,2024-05-14 13:00:00,47882.3,47884.55,47860.3,47882.3,0,0
226,2024-05-14 13:01:00,47882.0,47890.65,47871.0,47884.85,0,0
227,2024-05-14 13:02:00,47886.15,47937.25,47880.1,47907.2,0,0
228,2024-05-14 13:03:00,47907.55,47913.0,47889.3,47899.45,0,0
229,2024-05-14 13:04:00,47899.75,47909.8,47885.15,47885.15,0,0
230,2024-05-14 13:05:00,47891.45,47894.5,47878.7,47889.35,0,0
231,2024-05-14 13:06:00,47888.85,47894.45,47852.5,47858.85,0,0
232,2024-05-14 13:07:00,47856.8,47877.05,47850.3,47873.55,0,0
233,2024-05-14 13:08:00,47872.45,47878.7,47865.55,47875.2,0,0
234,2024-05-14 13:09:00,47875.55,47878.65,47861.55,47867.25,0,0
235,2024-05-14 13:10:00,47867.5,47871.3,47859.5,47864.05,0,0
236,2024-05-14 13:11:00,47866.3,47870.7,47849.5,47863.4,0,0
237,2024-05-14 13:12:00,47862.45,47863.4,47839.25,47843.7,0,0
238,2024-05-14 13:13:00,47844.5,47854.25,47822.2,47826.75,0,0
239,2024-05-14 13:14:00,47829.45,47838.15,47826.1,47837.6,0,0
240,2024-05-14 13:15:00,47836.7,47839.1,47808.05,47833.95,0,0
241,2024-05-14 13:16:00,47833.6,47851.8,47832.05,47841.1,0,0
242,2024-05-14 13:17:00,47841.0,47841.95,47819.75,47833.6,0,0
243,2024-05-14 13:18:00,47834.4,47836.4,47805.85,47817.75,0,0
244,2024-05-14 13:19:00,47817.05,47817.05,47783.75,47789.0,0,0
245,2024-05-14 13:20:00,47789.05,47806.85,47780.4,47802.4,0,0
246,2024-05-14 13:21:00,47802.15,47827.25,47796.85,47825.8,0,0
247,2024-05-14 13:22:00,47824.55,47827.7,47812.8,47822.2,0,0
248,2024-05-14 13:23:00,47822.65,47831.1,47806.85,47831.1,0,0
249,2024-05-14 13:24:00,47829.05,47830.75,47823.3,47829.1,0,0
250,2024-05-14 13:25:00,47832.7,47841.25,47824.85,47833.1,0,0
251,2024-05-14 13:26:00,47833.1,47857.55,47833.1,47855.55,0,0
252,2024-05-14 13:27:00,47855.55,47855.55,47844.35,47850.05,0,0
253,2024-05-14 13:28:00,47849.35,47850.25,47835.65,47845.55,0,0
254,2024-05-14 13:29:00,47843.1,47853.95,47841.7,47848.5,0,0
255,2024-05-14 13:30:00,47847.45,47861.25,47843.65,47854.55,0,0
256,2024-05-14 13:31:00,47854.1,47862.7,47834.4,47836.65,0,0
257,2024-05-14 13:32:00,47836.0,47857.7,47827.2,47855.35,0,0
258,2024-05-14 13:33:00,47854.2,47869.65,47853.45,47866.45,0,0
259,2024-05-14 13:34:00,47866.3,47867.1,47838.0,47844.35,0,0
260,2024-05-14 13:35:00,47843.85,47847.9,47823.85,47838.0,0,0
261,2024-05-14 13:36:00,47837.4,47839.7,47819.05,47834.7,0,0
262,2024-05-14 13:37:00,47834.3,47839.6,47823.6,47838.6,0,0
263,2024-05-14 13:38:00,47838.15,47843.8,47818.0,47831.7,0,0
264,2024-05-14 13:39:00,47828.85,47848.7,47828.85,47846.7,0,0
265,2024-05-14 13:40:00,47847.3,47856.95,47839.3,47856.95,0,0
266,2024-05-14 13:41:00,47847.45,47858.0,47843.0,47855.55,0,0
267,2024-05-14 13:42:00,47856.15,47859.3,47844.2,47844.2,0,0
268,2024-05-14 13:43:00,47856.25,47857.35,47838.75,47842.0,0,0
269,2024-05-14 13:44:00,47842.5,47863.35,47842.5,47863.1,0,0
270,2024-05-14 13:45:00,47862.75,47868.05,47847.5,47858.85,0,0
271,2024-05-14 13:46:00,47858.05,47859.0,47839.55,47851.1,0,0
272,2024-05-14 13:47:00,47850.65,47856.0,47829.35,47837.45,0,0
273,2024-05-14 13:48:00,47841.15,47850.15,47832.0,47847.35,0,0
274,2024-05-14 13:49:00,47848.3,47852.1,47838.25,47842.85,0,0
275,2024-05-14 13:50:00,47842.0,47850.0,47832.15,47845.75,0,0
276,2024-05-14 13:51:00,47846.65,47849.45,47831.1,47846.75,0,0
277,2024-05-14 13:52:00,47848.0,47860.5,47844.35,47857.85,0,0
278,2024-05-14 13:53:00,47860.4,47863.9,47849.55,47861.6,0,0
279,2024-05-14 13:54:00,47864.4,47874.9,47859.75,47867.3,0,0
280,2024-05-14 13:55:00,47866.5,47878.1,47859.6,47864.8,0,0
281,2024-05-14 13:56:00,47864.35,47872.0,47853.55,47858.15,0,0
282,2024-05-14 13:57:00,47859.25,47870.15,47852.95,47859.8,0,0
283,2024-05-14 13:58:00,47861.6,47871.0,47856.6,47868.0,0,0
284,2024-05-14 13:59:00,47869.3,47880.65,47864.9,47877.35,0,0
285,2024-05-14 14:00:00,47877.15,47879.95,47866.95,47873.0,0,0
286,2024-05-14 14:01:00,47873.45,47888.35,47872.95,47881.7,0,0
287,2024-05-14 14:02:00,47883.4,47892.55,47882.8,47888.45,0,0
288,2024-05-14 14:03:00,47889.55,47906.3,47888.8,47895.6,0,0
289,2024-05-14 14:04:00,47896.8,47912.9,47893.2,47910.2,0,0
290,2024-05-14 14:05:00,47911.55,47912.5,47884.45,47891.5,0,0
291,2024-05-14 14:06:00,47888.6,47904.25,47872.4,47875.75,0,0
292,2024-05-14 14:07:00,47876.5,47885.0,47854.75,47864.15,0,0
293,2024-05-14 14:08:00,47864.5,47878.6,47864.5,47875.9,0,0
294,2024-05-14 14:09:00,47873.75,47891.85,47865.0,47887.65,0,0
295,2024-05-14 14:10:00,47887.45,47891.9,47882.35,47884.45,0,0
296,2024-05-14 14:11:00,47884.85,47888.25,47869.7,47881.4,0,0
297,2024-05-14 14:12:00,47881.4,47894.75,47872.65,47875.05,0,0
298,2024-05-14 14:13:00,47876.3,47876.3,47860.55,47864.45,0,0
299,2024-05-14 14:14:00,47864.2,47864.2,47843.75,47858.95,0,0
300,2024-05-14 14:15:00,47857.95,47860.35,47790.05,47797.05,0,0
301,2024-05-14 14:16:00,47796.05,47809.6,47751.3,47789.2,0,0
302,2024-05-14 14:17:00,47789.55,47811.95,47786.8,47794.65,0,0
303,2024-05-14 14:18:00,47794.2,47819.95,47794.2,47819.5,0,0
304,2024-05-14 14:19:00,47818.75,47836.7,47813.7,47834.3,0,0
305,2024-05-14 14:20:00,47836.35,47841.0,47822.9,47833.25,0,0
306,2024-05-14 14:21:00,47833.85,47842.5,47811.95,47821.7,0,0
307,2024-05-14 14:22:00,47827.35,47834.4,47815.2,47825.5,0,0
308,2024-05-14 14:23:00,47824.05,47834.0,47817.05,47833.4,0,0
309,2024-05-14 14:24:00,47833.1,47860.9,47823.45,47851.15,0,0
310,2024-05-14 14:25:00,47855.65,47867.85,47849.2,47867.6,0,0
311,2024-05-14 14:26:00,47866.25,47888.95,47864.25,47886.75,0,0
312,2024-05-14 14:27:00,47885.2,47902.6,47876.0,47895.5,0,0
313,2024-05-14 14:28:00,47892.55,47901.3,47883.55,47901.0,0,0
314,2024-05-14 14:29:00,47897.1,47899.1,47878.45,47883.3,0,0
315,2024-05-14 14:30:00,47884.15,47891.2,47858.4,47860.7,0,0
316,2024-05-14 14:31:00,47862.25,47870.5,47850.05,47850.75,0,0
317,2024-05-14 14:32:00,47849.45,47854.25,47825.85,47834.5,0,0
318,2024-05-14 14:33:00,47838.65,47853.3,47824.1,47828.95,0,0
319,2024-05-14 14:34:00,47833.1,47837.95,47817.9,47829.5,0,0
320,2024-05-14 14:35:00,47828.9,47838.0,47813.95,47824.6,0,0
321,2024-05-14 14:36:00,47823.55,47823.55,47810.8,47812.5,0,0
322,2024-05-14 14:37:00,47812.55,47829.8,47810.45,47824.15,0,0
323,2024-05-14 14:38:00,47825.5,47830.8,47810.2,47819.5,0,0
324,2024-05-14 14:39:00,47820.05,47839.0,47815.0,47834.75,0,0
325,2024-05-14 14:40:00,47834.15,47835.0,47820.95,47828.5,0,0
326,2024-05-14 14:41:00,47827.75,47838.15,47825.0,47833.05,0,0
327,2024-05-14 14:42:00,47833.75,47835.15,47817.65,47824.15,0,0
328,2024-05-14 14:43:00,47823.25,47826.2,47811.05,47814.2,0,0
329,2024-05-14 14:44:00,47814.1,47824.9,47813.75,47822.95,0,0
330,2024-05-14 14:45:00,47822.25,47827.25,47815.3,47823.75,0,0
331,2024-05-14 14:46:00,47820.5,47820.5,47805.85,47812.15,0,0
332,2024-05-14 14:47:00,47810.65,47836.9,47808.85,47822.85,0,0
333,2024-05-14 14:48:00,47826.5,47833.2,47813.5,47816.25,0,0
334,2024-05-14 14:49:00,47815.3,47828.9,47811.25,47821.4,0,0
335,2024-05-14 14:50:00,47817.9,47827.4,47816.2,47826.25,0,0
336,2024-05-14 14:51:00,47824.45,47846.35,47823.4,47845.45,0,0
337,2024-05-14 14:52:00,47840.9,47847.15,47832.95,47841.2,0,0
338,2024-05-14 14:53:00,47839.3,47849.0,47837.85,47846.9,0,0
339,2024-05-14 14:54:00,47844.95,47852.0,47835.0,47841.55,0,0
340,2024-05-14 14:55:00,47842.0,47847.6,47832.5,47840.2,0,0
341,2024-05-14 14:56:00,47839.8,47848.15,47832.0,47836.75,0,0
342,2024-05-14 14:57:00,47840.7,47848.35,47830.35,47842.7,0,0
343,2024-05-14 14:58:00,47843.75,47857.4,47837.6,47857.4,0,0
344,2024-05-14 14:59:00,47856.6,47856.6,47829.5,47830.9,0,0
345,2024-05-14 15:00:00,47833.5,47837.55,47811.85,47831.0,0,0
346,2024-05-14 15:01:00,47828.85,47838.15,47814.3,47818.0,0,0
347,2024-05-14 15:02:00,47820.1,47828.45,47813.8,47823.7,0,0
348,2024-05-14 15:03:00,47825.9,47827.55,47803.9,47809.85,0,0
349,2024-05-14 15:04:00,47806.85,47818.15,47802.4,47818.15,0,0
350,2024-05-14 15:05:00,47822.4,47832.55,47811.65,47829.85,0,0
351,2024-05-14 15:06:00,47827.05,47846.05,47822.8,47839.7,0,0
352,2024-05-14 15:07:00,47843.4,47866.95,47843.4,47859.15,0,0
353,2024-05-14 15:08:00,47857.85,47868.6,47849.15,47849.15,0,0
354,2024-05-14 15:09:00,47853.0,47860.45,47847.5,47852.3,0,0
355,2024-05-14 15:10:00,47853.8,47878.6,47848.8,47875.95,0,0
356,2024-05-14 15:11:00,47875.4,47883.6,47862.45,47866.25,0,0
357,2024-05-14 15:12:00,47869.5,47873.6,47855.95,47856.3,0,0
358,2024-05-14 15:13:00,47858.65,47873.05,47857.4,47863.3,0,0
359,2024-05-14 15:14:00,47867.7,47869.35,47858.45,47859.2,0,0
360,2024-05-14 15:15:00,47861.1,47878.5,47857.75,47878.15,0,0
361,2024-05-14 15:16:00,47877.95,47888.5,47869.45,47877.45,0,0
362,2024-05-14 15:17:00,47881.15,47889.95,47873.05,47875.0,0,0
363,2024-05-14 15:18:00,47875.0,47892.4,47872.3,47886.65,0,0
364,2024-05-14 15:19:00,47886.6,47897.45,47881.45,47887.15,0,0
365,2024-05-14 15:20:00,47887.5,47903.55,47886.15,47888.75,0,0
366,2024-05-14 15:21:00,47888.65,47909.0,47888.65,47902.25,0,0
367,2024-05-14 15:22:00,47902.35,47910.3,47882.05,47887.25,0,0
368,2024-05-14 15:23:00,47886.8,47901.8,47886.8,47901.8,0,0
369,2024-05-14 15:24:00,47901.85,47904.4,47867.05,47872.4,0,0
370,2024-05-14 15:25:00,47873.85,47882.55,47863.15,47878.05,0,0
371,2024-05-14 15:26:00,47868.75,47876.3,47862.2,47865.6,0,0
372,2024-05-14 15:27:00,47860.55,47880.2,47854.9,47875.4,0,0
373,2024-05-14 15:28:00,47880.25,47880.95,47862.55,47868.1,0,0
374,2024-05-14 15:29:00,47860.6,47885.8,47842.05,47872.0,0,0
